ticker,current_stage_name,weeks_since_emergence,rvol_at_emergence,mansfield_rp,vol_ratio_4w,market_cap,avg_daily_vol,current_price,is_new
VVX,Stage 2 (advance),0.0,2.75,4.03,,2408577308.7200003,631370.0,76.84,True
ACGL,Stage 2 (advance),0.0,2.49,-5.95,1.63,33061690018.14,4230820.0,96.89,True
BOX,Stage 2 (advance),3.0,2.15,9.5,,4626410065.559999,2389120.0,33.72,False
HRMY,Stage 2 (advance),0.0,1.98,15.61,1.19,2447093233.86,1103050.0,42.02,True
EGP,Stage 2 (advance),0.0,1.96,-1.26,1.16,10882106161.29,419010.0,202.37,True
CTS,Stage 2 (advance),0.0,1.71,3.23,,1664826168.5,208560.0,58.3,True
FIZZ,Stage 2 (advance),0.0,1.64,-7.27,1.16,2958243543.2000003,457180.0,31.6,True
TMO,Stage 2 (advance),0.0,1.52,11.41,,240871869464.7,2239750.0,651.45,True
CRVL,Stage 2 (advance),0.0,1.43,1.9,0.98,3570006072.57,220680.0,70.67,True
COHR,Stage 2 (advance),0.0,1.39,17.23,,62149321590.560005,6430970.0,317.36,True
AFL,Stage 2 (advance),0.0,1.35,-4.71,1.01,58321265856.34,1951030.0,116.33,True
A,Stage 2 (advance),2.0,1.25,8.23,,44119190760.11,1956390.0,156.47,False
VCEL,Stage 2 (advance),0.0,1.17,-1.56,,2049288692.2800002,454580.0,40.02,True
FDS,Stage 2 (advance),1.0,1.15,3.39,,10094568069.689999,946860.0,283.83,False
DOCU,Stage 2 (advance),0.0,1.15,11.41,,12909352359.64,3940730.0,69.07,True
DIOD,Stage 2 (advance),2.0,1.13,14.06,,4253795990.8500004,444560.0,92.37,False
GEN,Stage 2 (advance),3.0,1.13,7.23,,17365009798.32,5427500.0,29.01,False
SEI,Stage 2 (advance),1.0,1.11,12.24,,4585825076.4,3115280.0,69.66,False
ADUS,Stage 2 (advance),2.0,1.08,0.37,0.96,2186200301.0,190790.0,117.07,False
ITW,Stage 2 (advance),0.0,1.05,-4.98,0.87,76730816000.0,1166560.0,269.42,True
PCTY,Stage 2 (advance),0.0,1.04,1.78,,7957755179.999999,602800.0,143.73,True
QCOM,Stage 2 (advance),1.0,1.04,-1.55,,189815709749.63998,13327290.0,177.72,False
SPG,Stage 2 (advance),0.0,1.01,-1.92,,66433239619.799995,1241230.0,205.32,True
MANH,Stage 2 (advance),3.0,1.01,17.76,,12329169379.12,661670.0,211.46,False
RGEN,Stage 2 (advance),0.0,1.0,13.55,,9982896998.689999,921220.0,176.89,True
CDW,Stage 2 (advance),2.0,0.97,0.46,,18276297506.94,1482020.0,146.19,False
GOOG,Stage 2 (advance),0.0,0.96,-1.11,0.8,4212111855144.7104,15530640.0,344.41,True
FORM,Stage 2 (advance),0.0,0.94,18.41,,9247931425.5,1071240.0,118.38,True
BLK,Stage 2 (advance),0.0,0.93,-6.51,0.82,165676035893.02,497000.0,1069.78,True
EW,Stage 2 (advance),0.0,0.93,-2.88,0.69,50873064000.0,3256230.0,88.26,True
SHOO,Stage 2 (advance),2.0,0.92,-2.2,0.86,3077627709.96,1158700.0,42.11,False
AGYS,Stage 2 (advance),0.0,0.92,-6.31,,2824245552.44,212930.0,100.13,True
GOOGL,Stage 2 (advance),0.0,0.92,0.08,,4274851420827.74,24425080.0,349.54,True
MA,Stage 2 (advance),0.0,0.91,-2.62,0.79,495155858485.60004,2156230.0,565.24,True
OHI,Stage 2 (advance),2.0,0.9,-3.07,0.97,14138586579.999998,2135140.0,46.66,False
GO,Stage 2 (advance),2.0,0.88,1.89,,1116682224.84,2322540.0,11.27,False
IQV,Stage 2 (advance),2.0,0.87,20.12,,43852732000.0,1453540.0,266.42,False
SDGR,Stage 2 (advance),2.0,0.85,65.98,,2170859324.56,2207380.0,29.02,False
ACAD,Stage 2 (advance),2.0,0.84,4.44,,4702217586.22,1392200.0,27.29,False
DOCN,Stage 2 (advance),1.0,0.83,38.41,,15301802636.999998,2594930.0,130.14,False
ANF,Stage 2 (advance),1.0,0.82,31.24,,5760891021.5199995,1478240.0,135.76,False
MARA,Stage 2 (advance),2.0,0.82,2.23,,5114602692.28,50149240.0,13.24,False
PI,Stage 2 (advance),0.0,0.8,11.42,,5537376267.99,390870.0,181.23,True
CTAS,Stage 2 (advance),3.0,0.8,-2.61,0.85,79089512036.04,1748640.0,197.64,False
HCI,Stage 2 (advance),3.0,0.8,0.36,0.93,2334402169.89,167470.0,187.67,False
ENTG,Stage 2 (advance),2.0,0.8,9.56,,21735800000.0,1900470.0,142.25,False
AJG,Stage 2 (advance),0.0,0.79,-8.09,0.74,61388542680.0,1238140.0,239.48,True
SANM,Stage 2 (advance),3.0,0.79,5.24,,10695888363.36,473940.0,199.56,False
MO,Stage 2 (advance),3.0,0.78,1.22,,116080597735.51999,7919540.0,69.52,False
SMCI,Stage 2 (advance),1.0,0.77,5.23,,25680776860.56,39545740.0,39.09,False
URBN,Stage 2 (advance),0.0,0.77,-3.17,0.85,6425370176.81,949680.0,75.01,True
LKFN,Stage 2 (advance),2.0,0.77,-6.64,0.98,1484013048.0,167990.0,59.7,False
LNC,Stage 2 (advance),1.0,0.75,-0.01,,8079077579.200001,2004340.0,42.2,False
HLX,Stage 2 (advance),3.0,0.75,18.51,,1562253938.2,0.0,10.6,False
MSFT,Stage 2 (advance),0.0,0.75,2.4,,3666585852545.98,17994730.0,493.78,True
ADP,Stage 2 (advance),2.0,0.74,4.09,,107745599529.14001,2085510.0,271.22,False
ALRM,Stage 2 (advance),3.0,0.73,0.39,,2648908702.88,430890.0,53.96,False
BHE,Stage 2 (advance),1.0,0.7,12.43,,2708362948.2000003,290300.0,75.4,False
JCI,Stage 2 (advance),2.0,0.69,1.27,,86790637821.6,3635100.0,143.28,False
PLUS,Stage 2 (advance),1.0,0.67,0.88,1.15,2376837079.7999997,209820.0,91.1,False
SHC,Stage 2 (advance),2.0,0.67,3.11,0.77,5345069910.35,1901900.0,18.73,False
MUR,Stage 2 (advance),2.0,0.66,2.01,,5359840646.64,1606200.0,37.39,False
NOG,Stage 2 (advance),1.0,0.65,-0.13,,2669055656.4,1901360.0,25.05,False
BXP,Stage 2 (advance),3.0,0.64,-8.7,0.75,10085820492.52,1187060.0,63.17,False
LW,Stage 2 (advance),3.0,0.62,-11.44,,6416338983.860001,1345950.0,46.67,False
ADI,Stage 2 (advance),1.0,0.6,6.04,,182060936509.80002,3173780.0,375.72,False
HNI,Stage 2 (advance),3.0,0.6,4.09,,3328302798.0,547300.0,46.11,False
ELF,Stage 2 (advance),3.0,0.58,6.35,,5690731134.24,1524510.0,96.44,False
CLSK,Stage 2 (advance),2.0,0.57,1.64,,3716143046.31,17359210.0,14.47,False
TXN,Stage 2 (advance),1.0,0.56,9.31,,243508362995.03998,5076410.0,266.64,False
CNMD,Stage 2 (advance),3.0,0.55,1.35,,1360385684.16,295970.0,45.42,False
SBH,Stage 2 (advance),1.0,0.55,-2.25,,1478295990.6799998,1147090.0,15.79,False
KRC,Stage 2 (advance),3.0,0.54,-11.03,0.81,3981256659.24,1383380.0,34.23,False
JLL,Stage 2 (advance),1.0,0.54,-3.97,,15476071135.14,294330.0,336.38,False
J,Stage 2 (advance),1.0,0.53,-2.41,,16783336817.400002,641590.0,143.4,False
WAT,Stage 2 (advance),1.0,0.53,8.19,0.7,41398102043.65,597860.0,421.63,False
AVTR,Stage 2 (advance),3.0,0.52,30.62,,10497089196.8,8874770.0,15.52,False
PYPL,Stage 2 (advance),1.0,0.48,-9.51,,44834704406.34,10300340.0,52.41,False
MEDP,Stage 2 (advance),1.0,0.48,6.96,,17091143706.150002,197460.0,612.33,False
PGR,Stage 2 (advance),3.0,0.45,-6.1,0.64,124053228000.0,1999950.0,213.48,False
VEEV,Stage 2 (advance),1.0,0.42,11.2,,42130301858.5,1186540.0,260.21,False
HIMS,Stage 2 (advance),0.0,0.38,-17.91,,6530442429.87,8678800.0,27.99,True
